[
    {
        "datetime_utc": "2025-10-21T18:00:00+00:00",
        "wallet_id": "Partial_25pct_Debt",
        "available_usd": "510.142165311397254216",
        "Reason_For_Trigger": "HF_Dropping_Only",
        "HF_before": "1.029663439921518098",
        "HF_TARGET (q30)": "0.999645273184362360",
        "Final_Decision": "Repay_Debt",
        "Decision_Reason": "Both actions succeeded. 'Repay Debt' was chosen (Better HF Gain).",
        "HF_after": "1.372868159344259117",
        "HF_Improvement": "0.343204719422741020",
        "metrics_Repay_Debt": {
            "Operation_Asset": "USDC",
            "Operation_Quantity": "510.192628030256715797",
            "Operation_USD_Value": "510.142165311397254216",
            "HF_after": "1.372868159344259117",
            "HF_Improvement": "0.343204719422741020",
            "Success": true
        },
        "metrics_Add_Collateral": {
            "Operation_Asset": "WETH",
            "Operation_Quantity": "0.126798608930249851",
            "Operation_USD_Value": "510.142165311397254216",
            "HF_after": "1.231777585367978224",
            "HF_Improvement": "0.202114145446460127",
            "Success": true
        }
    },
    {
        "datetime_utc": "2025-10-21T18:00:00+00:00",
        "wallet_id": "Balanced_75pct_Debt",
        "available_usd": "1530.426495934191762647",
        "Reason_For_Trigger": "HF_Dropping_Only",
        "HF_before": "1.029663439921518098",
        "HF_TARGET (q30)": "0.999645273184362360",
        "Final_Decision": "Repay_Debt",
        "Decision_Reason": "Both actions succeeded. 'Repay Debt' was chosen (Better HF Gain).",
        "HF_after": "4.118210267259206986",
        "HF_Improvement": "3.088546827337688888",
        "metrics_Repay_Debt": {
            "Operation_Asset": "USDC",
            "Operation_Quantity": "1530.577884090770147391",
            "Operation_USD_Value": "1530.426495934191762647",
            "HF_after": "4.118210267259206986",
            "HF_Improvement": "3.088546827337688888",
            "Success": true
        },
        "metrics_Add_Collateral": {
            "Operation_Asset": "WETH",
            "Operation_Quantity": "0.380395826790749553",
            "Operation_USD_Value": "1530.426495934191762647",
            "HF_after": "1.636005876260898823",
            "HF_Improvement": "0.606342436339380725",
            "Success": true
        }
    },
    {
        "datetime_utc": "2025-10-21T18:00:00+00:00",
        "wallet_id": "FullDebt_110pct_Debt",
        "available_usd": "2244.625527370147918550",
        "Reason_For_Trigger": "HF_Dropping_Only",
        "HF_before": "1.029663439921518098",
        "HF_TARGET (q30)": "0.999645273184362360",
        "Final_Decision": "Add_Collateral",
        "Decision_Reason": "'Add Collateral' achieved the HF_TARGET while 'Repay Debt' did not.",
        "HF_after": "1.918965679885943242",
        "HF_Improvement": "0.889302239964425144",
        "metrics_Repay_Debt": {
            "Operation_Asset": "USDC",
            "Operation_Quantity": "2244.847563333129549508",
            "Operation_USD_Value": "2244.625527370147918550",
            "HF_after": "-10.300701790333189833",
            "HF_Improvement": "-11.330365230254707931",
            "Success": false
        },
        "metrics_Add_Collateral": {
            "Operation_Asset": "WETH",
            "Operation_Quantity": "0.557913879293099344",
            "Operation_USD_Value": "2244.625527370147918550",
            "HF_after": "1.918965679885943242",
            "HF_Improvement": "0.889302239964425144",
            "Success": true
        }
    },
    {
        "datetime_utc": "2025-10-21T18:00:00+00:00",
        "wallet_id": "FullCollateral_100pct_Coll",
        "available_usd": "2514.483832593670162533",
        "Reason_For_Trigger": "HF_Dropping_Only",
        "HF_before": "1.029663439921518098",
        "HF_TARGET (q30)": "0.999645273184362360",
        "Final_Decision": "Add_Collateral",
        "Decision_Reason": "'Add Collateral' achieved the HF_TARGET while 'Repay Debt' did not.",
        "HF_after": "2.025881329014042685",
        "HF_Improvement": "0.996217889092524587",
        "metrics_Repay_Debt": {
            "Operation_Asset": "USDC",
            "Operation_Quantity": "2514.732562652365432271",
            "Operation_USD_Value": "2514.483832593670162533",
            "HF_after": "-4.434336198851883318",
            "HF_Improvement": "-5.463999638773401416",
            "Success": false
        },
        "metrics_Add_Collateral": {
            "Operation_Asset": "WETH",
            "Operation_Quantity": "0.624988628328459919",
            "Operation_USD_Value": "2514.483832593670162533",
            "HF_after": "2.025881329014042685",
            "HF_Improvement": "0.996217889092524587",
            "Success": true
        }
    },
    {
        "datetime_utc": "2025-10-21T21:00:00+00:00",
        "wallet_id": "Partial_25pct_Debt",
        "available_usd": "510.142165311397254216",
        "Reason_For_Trigger": "HF_Dropping_Only",
        "HF_before": "1.012563693496675965",
        "HF_TARGET (q30)": "0.999645273184362360",
        "Final_Decision": "Repay_Debt",
        "Decision_Reason": "Both actions succeeded. 'Repay Debt' was chosen (Better HF Gain).",
        "HF_after": "1.350112286655117200",
        "HF_Improvement": "0.337548593158441235",
        "metrics_Repay_Debt": {
            "Operation_Asset": "USDC",
            "Operation_Quantity": "510.241963504728983979",
            "Operation_USD_Value": "510.142165311397254216",
            "HF_after": "1.350112286655117200",
            "HF_Improvement": "0.337548593158441235",
            "Success": true
        },
        "metrics_Add_Collateral": {
            "Operation_Asset": "WETH",
            "Operation_Quantity": "0.128967312886415966",
            "Operation_USD_Value": "510.142165311397254216",
            "HF_after": "1.214697383320525016",
            "HF_Improvement": "0.202133689823849051",
            "Success": true
        }
    },
    {
        "datetime_utc": "2025-10-21T21:00:00+00:00",
        "wallet_id": "Balanced_75pct_Debt",
        "available_usd": "1530.426495934191762647",
        "Reason_For_Trigger": "HF_Dropping_Only",
        "HF_before": "1.012563693496675965",
        "HF_TARGET (q30)": "0.999645273184362360",
        "Final_Decision": "Repay_Debt",
        "Decision_Reason": "Both actions succeeded. 'Repay Debt' was chosen (Better HF Gain).",
        "HF_after": "4.050993667595005479",
        "HF_Improvement": "3.038429974098329514",
        "metrics_Repay_Debt": {
            "Operation_Asset": "USDC",
            "Operation_Quantity": "1530.725890514186951937",
            "Operation_USD_Value": "1530.426495934191762647",
            "HF_after": "4.050993667595005479",
            "HF_Improvement": "3.038429974098329514",
            "Success": true
        },
        "metrics_Add_Collateral": {
            "Operation_Asset": "WETH",
            "Operation_Quantity": "0.386901938659247898",
            "Operation_USD_Value": "1530.426495934191762647",
            "HF_after": "1.618964762968223023",
            "HF_Improvement": "0.606401069471547058",
            "Success": true
        }
    },
    {
        "datetime_utc": "2025-10-21T21:00:00+00:00",
        "wallet_id": "FullDebt_110pct_Debt",
        "available_usd": "2244.625527370147918550",
        "Reason_For_Trigger": "HF_Dropping_Only",
        "HF_before": "1.012563693496675965",
        "HF_TARGET (q30)": "0.999645273184362360",
        "Final_Decision": "Add_Collateral",
        "Decision_Reason": "'Add Collateral' achieved the HF_TARGET while 'Repay Debt' did not.",
        "HF_after": "1.901951928721611627",
        "HF_Improvement": "0.889388235224935662",
        "metrics_Repay_Debt": {
            "Operation_Asset": "USDC",
            "Operation_Quantity": "2245.064639420807529508",
            "Operation_USD_Value": "2244.625527370147918550",
            "HF_after": "-10.118869504985069251",
            "HF_Improvement": "-11.131433198481745217",
            "Success": false
        },
        "metrics_Add_Collateral": {
            "Operation_Asset": "WETH",
            "Operation_Quantity": "0.567456176700230250",
            "Operation_USD_Value": "2244.625527370147918550",
            "HF_after": "1.901951928721611627",
            "HF_Improvement": "0.889388235224935662",
            "Success": true
        }
    },
    {
        "datetime_utc": "2025-10-21T21:00:00+00:00",
        "wallet_id": "FullCollateral_100pct_Coll",
        "available_usd": "2514.483832593670162533",
        "Reason_For_Trigger": "HF_Dropping_Only",
        "HF_before": "1.012563693496675965",
        "HF_TARGET (q30)": "0.999645273184362360",
        "Final_Decision": "Add_Collateral",
        "Decision_Reason": "'Add Collateral' achieved the HF_TARGET while 'Repay Debt' did not.",
        "HF_after": "2.008877916560990789",
        "HF_Improvement": "0.996314223064314824",
        "metrics_Repay_Debt": {
            "Operation_Asset": "USDC",
            "Operation_Quantity": "2514.975736538723428957",
            "Operation_USD_Value": "2514.483832593670162533",
            "HF_after": "-4.358458113315483287",
            "HF_Improvement": "-5.371021806812159252",
            "Success": false
        },
        "metrics_Add_Collateral": {
            "Operation_Asset": "WETH",
            "Operation_Quantity": "0.635678140794329002",
            "Operation_USD_Value": "2514.483832593670162533",
            "HF_after": "2.008877916560990789",
            "HF_Improvement": "0.996314223064314824",
            "Success": true
        }
    },
    {
        "datetime_utc": "2025-10-24T08:00:00+00:00",
        "wallet_id": "Partial_25pct_Debt",
        "available_usd": "510.142165311397254216",
        "Reason_For_Trigger": "HF_Dropping_Only",
        "HF_before": "1.009902636199986325",
        "HF_TARGET (q30)": "0.999645273184362360",
        "Final_Decision": "Repay_Debt",
        "Decision_Reason": "Both actions succeeded. 'Repay Debt' was chosen (Better HF Gain).",
        "HF_after": "1.346520891166490777",
        "HF_Improvement": "0.336618254966504451",
        "metrics_Repay_Debt": {
            "Operation_Asset": "USDC",
            "Operation_Quantity": "510.192804060220442299",
            "Operation_USD_Value": "510.142165311397254216",
            "HF_after": "1.346520891166490777",
            "HF_Improvement": "0.336618254966504451",
            "Success": true
        },
        "metrics_Add_Collateral": {
            "Operation_Asset": "WETH",
            "Operation_Quantity": "0.129305120699245953",
            "Operation_USD_Value": "510.142165311397254216",
            "HF_after": "1.212016851381177578",
            "HF_Improvement": "0.202114215181191253",
            "Success": true
        }
    },
    {
        "datetime_utc": "2025-10-24T08:00:00+00:00",
        "wallet_id": "Balanced_75pct_Debt",
        "available_usd": "1530.426495934191762647",
        "Reason_For_Trigger": "HF_Dropping_Only",
        "HF_before": "1.009902636199986325",
        "HF_TARGET (q30)": "0.999645273184362360",
        "Final_Decision": "Repay_Debt",
        "Decision_Reason": "Both actions succeeded. 'Repay Debt' was chosen (Better HF Gain).",
        "HF_after": "4.039179743937247172",
        "HF_Improvement": "3.029277107737260846",
        "metrics_Repay_Debt": {
            "Operation_Asset": "USDC",
            "Operation_Quantity": "1530.578412180661326896",
            "Operation_USD_Value": "1530.426495934191762647",
            "HF_after": "4.039179743937247172",
            "HF_Improvement": "3.029277107737260846",
            "Success": true
        },
        "metrics_Add_Collateral": {
            "Operation_Asset": "WETH",
            "Operation_Quantity": "0.387915362097737858",
            "Operation_USD_Value": "1530.426495934191762647",
            "HF_after": "1.616245281743560246",
            "HF_Improvement": "0.606342645543573920",
            "Success": true
        }
    },
    {
        "datetime_utc": "2025-10-24T08:00:00+00:00",
        "wallet_id": "FullDebt_110pct_Debt",
        "available_usd": "2244.625527370147918550",
        "Reason_For_Trigger": "HF_Dropping_Only",
        "HF_before": "1.009902636199986325",
        "HF_TARGET (q30)": "0.999645273184362360",
        "Final_Decision": "Add_Collateral",
        "Decision_Reason": "'Add Collateral' achieved the HF_TARGET while 'Repay Debt' did not.",
        "HF_after": "1.899205182997228113",
        "HF_Improvement": "0.889302546797241788",
        "metrics_Repay_Debt": {
            "Operation_Asset": "USDC",
            "Operation_Quantity": "2244.848337864969946115",
            "Operation_USD_Value": "2244.625527370147918550",
            "HF_after": "-10.102977336200059598",
            "HF_Improvement": "-11.112879972400045923",
            "Success": false
        },
        "metrics_Add_Collateral": {
            "Operation_Asset": "WETH",
            "Operation_Quantity": "0.568942531076682192",
            "Operation_USD_Value": "2244.625527370147918550",
            "HF_after": "1.899205182997228113",
            "HF_Improvement": "0.889302546797241788",
            "Success": true
        }
    },
    {
        "datetime_utc": "2025-10-24T08:00:00+00:00",
        "wallet_id": "FullCollateral_100pct_Coll",
        "available_usd": "2514.483832593670162533",
        "Reason_For_Trigger": "HF_Dropping_Only",
        "HF_before": "1.009902636199986325",
        "HF_TARGET (q30)": "0.999645273184362360",
        "Final_Decision": "Add_Collateral",
        "Decision_Reason": "'Add Collateral' achieved the HF_TARGET while 'Repay Debt' did not.",
        "HF_after": "2.006120869014057036",
        "HF_Improvement": "0.996218232814070711",
        "metrics_Repay_Debt": {
            "Operation_Asset": "USDC",
            "Operation_Quantity": "2514.733430301675643975",
            "Operation_USD_Value": "2514.483832593670162533",
            "HF_after": "-4.349226595915853347",
            "HF_Improvement": "-5.359129232115839672",
            "Success": false
        },
        "metrics_Add_Collateral": {
            "Operation_Asset": "WETH",
            "Operation_Quantity": "0.637343190934550871",
            "Operation_USD_Value": "2514.483832593670162533",
            "HF_after": "2.006120869014057036",
            "HF_Improvement": "0.996218232814070711",
            "Success": true
        }
    },
    {
        "datetime_utc": "2025-10-24T15:00:00+00:00",
        "wallet_id": "Partial_25pct_Debt",
        "available_usd": "510.142165311397254216",
        "Reason_For_Trigger": "HF_Dropping_Only",
        "HF_before": "0.998233887340446602",
        "HF_TARGET (q30)": "0.999645273184362360",
        "Final_Decision": "Repay_Debt",
        "Decision_Reason": "Both actions succeeded. 'Repay Debt' was chosen (Better HF Gain).",
        "HF_after": "1.330963963674913147",
        "HF_Improvement": "0.332730076334466545",
        "metrics_Repay_Debt": {
            "Operation_Asset": "USDC",
            "Operation_Quantity": "510.194207038755206034",
            "Operation_USD_Value": "510.142165311397254216",
            "HF_after": "1.330963963674913147",
            "HF_Improvement": "0.332730076334466545",
            "Success": true
        },
        "metrics_Add_Collateral": {
            "Operation_Asset": "WETH",
            "Operation_Quantity": "0.130821129725184257",
            "Operation_USD_Value": "510.142165311397254216",
            "HF_after": "1.200348658315257813",
            "HF_Improvement": "0.202114770974811211",
            "Success": true
        }
    },
    {
        "datetime_utc": "2025-10-24T15:00:00+00:00",
        "wallet_id": "Balanced_75pct_Debt",
        "available_usd": "1530.426495934191762647",
        "Reason_For_Trigger": "HF_Dropping_Only",
        "HF_before": "0.998233887340446602",
        "HF_TARGET (q30)": "0.999645273184362360",
        "Final_Decision": "Repay_Debt",
        "Decision_Reason": "Both actions succeeded. 'Repay Debt' was chosen (Better HF Gain).",
        "HF_after": "3.992542658694969446",
        "HF_Improvement": "2.994308771354522844",
        "metrics_Repay_Debt": {
            "Operation_Asset": "USDC",
            "Operation_Quantity": "1530.582621116265618101",
            "Operation_USD_Value": "1530.426495934191762647",
            "HF_after": "3.992542658694969446",
            "HF_Improvement": "2.994308771354522844",
            "Success": true
        },
        "metrics_Add_Collateral": {
            "Operation_Asset": "WETH",
            "Operation_Quantity": "0.392463389175552770",
            "Operation_USD_Value": "1530.426495934191762647",
            "HF_after": "1.604578200264880493",
            "HF_Improvement": "0.606344312924433892",
            "Success": true
        }
    },
    {
        "datetime_utc": "2025-10-24T15:00:00+00:00",
        "wallet_id": "FullDebt_110pct_Debt",
        "available_usd": "2244.625527370147918550",
        "Reason_For_Trigger": "HF_Dropping_Only",
        "HF_before": "0.998233887340446602",
        "HF_TARGET (q30)": "0.999645273184362360",
        "Final_Decision": "Add_Collateral",
        "Decision_Reason": "'Add Collateral' achieved the HF_TARGET while 'Repay Debt' did not.",
        "HF_after": "1.887538879629616370",
        "HF_Improvement": "0.889304992289169768",
        "metrics_Repay_Debt": {
            "Operation_Asset": "USDC",
            "Operation_Quantity": "2244.854510970522906549",
            "Operation_USD_Value": "2244.625527370147918550",
            "HF_after": "-9.985942025691384677",
            "HF_Improvement": "-10.984175913031831279",
            "Success": false
        },
        "metrics_Add_Collateral": {
            "Operation_Asset": "WETH",
            "Operation_Quantity": "0.575612970790810729",
            "Operation_USD_Value": "2244.625527370147918550",
            "HF_after": "1.887538879629616370",
            "HF_Improvement": "0.889304992289169768",
            "Success": true
        }
    },
    {
        "datetime_utc": "2025-10-24T15:00:00+00:00",
        "wallet_id": "FullCollateral_100pct_Coll",
        "available_usd": "2514.483832593670162533",
        "Reason_For_Trigger": "HF_Dropping_Only",
        "HF_before": "0.998233887340446602",
        "HF_TARGET (q30)": "0.999645273184362360",
        "Final_Decision": "Add_Collateral",
        "Decision_Reason": "'Add Collateral' achieved the HF_TARGET while 'Repay Debt' did not.",
        "HF_after": "1.994454859653752564",
        "HF_Improvement": "0.996220972313305963",
        "metrics_Repay_Debt": {
            "Operation_Asset": "USDC",
            "Operation_Quantity": "2514.740345563896687739",
            "Operation_USD_Value": "2514.483832593670162533",
            "HF_after": "-4.298911462172481026",
            "HF_Improvement": "-5.297145349512927628",
            "Success": false
        },
        "metrics_Add_Collateral": {
            "Operation_Asset": "WETH",
            "Operation_Quantity": "0.644815578917734074",
            "Operation_USD_Value": "2514.483832593670162533",
            "HF_after": "1.994454859653752564",
            "HF_Improvement": "0.996220972313305963",
            "Success": true
        }
    },
    {
        "datetime_utc": "2025-10-26T03:00:00+00:00",
        "wallet_id": "Partial_25pct_Debt",
        "available_usd": "510.142165311397254216",
        "Reason_For_Trigger": "HF_Dropping_Only",
        "HF_before": "1.006296425964529062",
        "HF_TARGET (q30)": "0.999645273184362360",
        "Final_Decision": "Repay_Debt",
        "Decision_Reason": "Both actions succeeded. 'Repay Debt' was chosen (Better HF Gain).",
        "HF_after": "1.341756215721845102",
        "HF_Improvement": "0.335459789757316040",
        "metrics_Repay_Debt": {
            "Operation_Asset": "USDC",
            "Operation_Quantity": "510.242482695958581683",
            "Operation_USD_Value": "510.142165311397254216",
            "HF_after": "1.341756215721845102",
            "HF_Improvement": "0.335459789757316040",
            "Success": true
        },
        "metrics_Add_Collateral": {
            "Operation_Asset": "WETH",
            "Operation_Quantity": "0.129804267127024692",
            "Operation_USD_Value": "510.142165311397254216",
            "HF_after": "1.208430321467342796",
            "HF_Improvement": "0.202133895502813734",
            "Success": true
        }
    },
    {
        "datetime_utc": "2025-10-26T03:00:00+00:00",
        "wallet_id": "Balanced_75pct_Debt",
        "available_usd": "1530.426495934191762647",
        "Reason_For_Trigger": "HF_Dropping_Only",
        "HF_before": "1.006296425964529062",
        "HF_TARGET (q30)": "0.999645273184362360",
        "Final_Decision": "Repay_Debt",
        "Decision_Reason": "Both actions succeeded. 'Repay Debt' was chosen (Better HF Gain).",
        "HF_after": "4.025932316703022120",
        "HF_Improvement": "3.019635890738493058",
        "metrics_Repay_Debt": {
            "Operation_Asset": "USDC",
            "Operation_Quantity": "1530.727448087875745047",
            "Operation_USD_Value": "1530.426495934191762647",
            "HF_after": "4.025932316703022120",
            "HF_Improvement": "3.019635890738493058",
            "Success": true
        },
        "metrics_Add_Collateral": {
            "Operation_Asset": "WETH",
            "Operation_Quantity": "0.389412801381074075",
            "Operation_USD_Value": "1530.426495934191762647",
            "HF_after": "1.612698112472970841",
            "HF_Improvement": "0.606401686508441779",
            "Success": true
        }
    },
    {
        "datetime_utc": "2025-10-26T03:00:00+00:00",
        "wallet_id": "FullDebt_110pct_Debt",
        "available_usd": "2244.625527370147918550",
        "Reason_For_Trigger": "HF_Dropping_Only",
        "HF_before": "1.006296425964529062",
        "HF_TARGET (q30)": "0.999645273184362360",
        "Final_Decision": "Add_Collateral",
        "Decision_Reason": "'Add Collateral' achieved the HF_TARGET while 'Repay Debt' did not.",
        "HF_after": "1.895685566176910472",
        "HF_Improvement": "0.889389140212381410",
        "metrics_Repay_Debt": {
            "Operation_Asset": "USDC",
            "Operation_Quantity": "2245.066923862217759404",
            "Operation_USD_Value": "2244.625527370147918550",
            "HF_after": "-10.056126227554862365",
            "HF_Improvement": "-11.062422653519391427",
            "Success": false
        },
        "metrics_Add_Collateral": {
            "Operation_Asset": "WETH",
            "Operation_Quantity": "0.571138775358908644",
            "Operation_USD_Value": "2244.625527370147918550",
            "HF_after": "1.895685566176910472",
            "HF_Improvement": "0.889389140212381410",
            "Success": true
        }
    },
    {
        "datetime_utc": "2025-10-26T03:00:00+00:00",
        "wallet_id": "FullCollateral_100pct_Coll",
        "available_usd": "2514.483832593670162533",
        "Reason_For_Trigger": "HF_Dropping_Only",
        "HF_before": "1.006296425964529062",
        "HF_TARGET (q30)": "0.999645273184362360",
        "Final_Decision": "Add_Collateral",
        "Decision_Reason": "'Add Collateral' achieved the HF_TARGET while 'Repay Debt' did not.",
        "HF_after": "2.002611662817680097",
        "HF_Improvement": "0.996315236853151035",
        "metrics_Repay_Debt": {
            "Operation_Asset": "USDC",
            "Operation_Quantity": "2514.978295625271491420",
            "Operation_USD_Value": "2514.483832593670162533",
            "HF_after": "-4.331458038560145965",
            "HF_Improvement": "-5.337754464524675027",
            "Success": false
        },
        "metrics_Add_Collateral": {
            "Operation_Asset": "WETH",
            "Operation_Quantity": "0.639803476925575349",
            "Operation_USD_Value": "2514.483832593670162533",
            "HF_after": "2.002611662817680097",
            "HF_Improvement": "0.996315236853151035",
            "Success": true
        }
    },
    {
        "datetime_utc": "2025-10-27T08:00:00+00:00",
        "wallet_id": "Partial_25pct_Debt",
        "available_usd": "510.142165311397254216",
        "Reason_For_Trigger": "HF_Dropping_Only",
        "HF_before": "1.074845845957687063",
        "HF_TARGET (q30)": "0.999645273184362360",
        "Final_Decision": "Repay_Debt",
        "Decision_Reason": "Both actions succeeded. 'Repay Debt' was chosen (Better HF Gain).",
        "HF_after": "1.433133129754490337",
        "HF_Improvement": "0.358287283796803274",
        "metrics_Repay_Debt": {
            "Operation_Asset": "USDC",
            "Operation_Quantity": "510.216641107700479179",
            "Operation_USD_Value": "510.142165311397254216",
            "HF_after": "1.433133129754490337",
            "HF_Improvement": "0.358287283796803274",
            "Success": true
        },
        "metrics_Add_Collateral": {
            "Operation_Asset": "WETH",
            "Operation_Quantity": "0.121428982004961775",
            "Operation_USD_Value": "510.142165311397254216",
            "HF_after": "1.276969504247650918",
            "HF_Improvement": "0.202123658289963856",
            "Success": true
        }
    },
    {
        "datetime_utc": "2025-10-27T08:00:00+00:00",
        "wallet_id": "Balanced_75pct_Debt",
        "available_usd": "1530.426495934191762647",
        "Reason_For_Trigger": "HF_Dropping_Only",
        "HF_before": "1.074845845957687063",
        "HF_TARGET (q30)": "0.999645273184362360",
        "Final_Decision": "Repay_Debt",
        "Decision_Reason": "Both actions succeeded. 'Repay Debt' was chosen (Better HF Gain).",
        "HF_after": "4.299527437015416956",
        "HF_Improvement": "3.224681591057729893",
        "metrics_Repay_Debt": {
            "Operation_Asset": "USDC",
            "Operation_Quantity": "1530.649923323101437536",
            "Operation_USD_Value": "1530.426495934191762647",
            "HF_after": "4.299527437015416956",
            "HF_Improvement": "3.224681591057729893",
            "Success": true
        },
        "metrics_Add_Collateral": {
            "Operation_Asset": "WETH",
            "Operation_Quantity": "0.364286946014885325",
            "Operation_USD_Value": "1530.426495934191762647",
            "HF_after": "1.681216820827578496",
            "HF_Improvement": "0.606370974869891433",
            "Success": true
        }
    },
    {
        "datetime_utc": "2025-10-27T08:00:00+00:00",
        "wallet_id": "FullDebt_110pct_Debt",
        "available_usd": "2244.625527370147918550",
        "Reason_For_Trigger": "HF_Dropping_Only",
        "HF_before": "1.074845845957687063",
        "HF_TARGET (q30)": "0.999645273184362360",
        "Final_Decision": "Add_Collateral",
        "Decision_Reason": "'Add Collateral' achieved the HF_TARGET while 'Repay Debt' did not.",
        "HF_after": "1.964189942433527800",
        "HF_Improvement": "0.889344096475840737",
        "metrics_Repay_Debt": {
            "Operation_Asset": "USDC",
            "Operation_Quantity": "2244.953220873882108387",
            "Operation_USD_Value": "2244.625527370147918550",
            "HF_after": "-10.747138178488853603",
            "HF_Improvement": "-11.821984024446540666",
            "Success": false
        },
        "metrics_Add_Collateral": {
            "Operation_Asset": "WETH",
            "Operation_Quantity": "0.534287520821831811",
            "Operation_USD_Value": "2244.625527370147918550",
            "HF_after": "1.964189942433527800",
            "HF_Improvement": "0.889344096475840737",
            "Success": true
        }
    },
    {
        "datetime_utc": "2025-10-27T08:00:00+00:00",
        "wallet_id": "FullCollateral_100pct_Coll",
        "available_usd": "2514.483832593670162533",
        "Reason_For_Trigger": "HF_Dropping_Only",
        "HF_before": "1.074845845957687063",
        "HF_TARGET (q30)": "0.999645273184362360",
        "Final_Decision": "Add_Collateral",
        "Decision_Reason": "'Add Collateral' achieved the HF_TARGET while 'Repay Debt' did not.",
        "HF_after": "2.071110623727169061",
        "HF_Improvement": "0.996264777769481998",
        "metrics_Repay_Debt": {
            "Operation_Asset": "USDC",
            "Operation_Quantity": "2514.850922786282819279",
            "Operation_USD_Value": "2514.483832593670162533",
            "HF_after": "-4.627762359584844065",
            "HF_Improvement": "-5.702608205542531128",
            "Success": false
        },
        "metrics_Add_Collateral": {
            "Operation_Asset": "WETH",
            "Operation_Quantity": "0.598521809843744327",
            "Operation_USD_Value": "2514.483832593670162533",
            "HF_after": "2.071110623727169061",
            "HF_Improvement": "0.996264777769481998",
            "Success": true
        }
    },
    {
        "datetime_utc": "2025-10-27T13:00:00+00:00",
        "wallet_id": "Partial_25pct_Debt",
        "available_usd": "510.142165311397254216",
        "Reason_For_Trigger": "HF_Dropping_Only",
        "HF_before": "1.061562443528452748",
        "HF_TARGET (q30)": "0.999645273184362360",
        "Final_Decision": "Repay_Debt",
        "Decision_Reason": "Both actions succeeded. 'Repay Debt' was chosen (Better HF Gain).",
        "HF_after": "1.415437639775965504",
        "HF_Improvement": "0.353875196247512755",
        "metrics_Repay_Debt": {
            "Operation_Asset": "USDC",
            "Operation_Quantity": "510.233704426091705042",
            "Operation_USD_Value": "510.142165311397254216",
            "HF_after": "1.415437639775965504",
            "HF_Improvement": "0.353875196247512755",
            "Success": true
        },
        "metrics_Add_Collateral": {
            "Operation_Asset": "WETH",
            "Operation_Quantity": "0.122978050025918713",
            "Operation_USD_Value": "510.142165311397254216",
            "HF_after": "1.263692861496674279",
            "HF_Improvement": "0.202130417968221530",
            "Success": true
        }
    },
    {
        "datetime_utc": "2025-10-27T13:00:00+00:00",
        "wallet_id": "Balanced_75pct_Debt",
        "available_usd": "1530.426495934191762647",
        "Reason_For_Trigger": "HF_Dropping_Only",
        "HF_before": "1.061562443528452748",
        "HF_TARGET (q30)": "0.999645273184362360",
        "Final_Decision": "Repay_Debt",
        "Decision_Reason": "Both actions succeeded. 'Repay Debt' was chosen (Better HF Gain).",
        "HF_after": "4.246818148658153358",
        "HF_Improvement": "3.185255705129700610",
        "metrics_Repay_Debt": {
            "Operation_Asset": "USDC",
            "Operation_Quantity": "1530.701113278275115126",
            "Operation_USD_Value": "1530.426495934191762647",
            "HF_after": "4.246818148658153358",
            "HF_Improvement": "3.185255705129700610",
            "Success": true
        },
        "metrics_Add_Collateral": {
            "Operation_Asset": "WETH",
            "Operation_Quantity": "0.368934150077756138",
            "Operation_USD_Value": "1530.426495934191762647",
            "HF_after": "1.667953697433117995",
            "HF_Improvement": "0.606391253904665247",
            "Success": true
        }
    },
    {
        "datetime_utc": "2025-10-27T13:00:00+00:00",
        "wallet_id": "FullDebt_110pct_Debt",
        "available_usd": "2244.625527370147918550",
        "Reason_For_Trigger": "HF_Dropping_Only",
        "HF_before": "1.061562443528452748",
        "HF_TARGET (q30)": "0.999645273184362360",
        "Final_Decision": "Add_Collateral",
        "Decision_Reason": "'Add Collateral' achieved the HF_TARGET while 'Repay Debt' did not.",
        "HF_after": "1.950936282588628597",
        "HF_Improvement": "0.889373839060175849",
        "metrics_Repay_Debt": {
            "Operation_Asset": "USDC",
            "Operation_Quantity": "2245.028299474803502186",
            "Operation_USD_Value": "2244.625527370147918550",
            "HF_after": "-10.610417587745424004",
            "HF_Improvement": "-11.671980031273876752",
            "Success": false
        },
        "metrics_Add_Collateral": {
            "Operation_Asset": "WETH",
            "Operation_Quantity": "0.541103420114042336",
            "Operation_USD_Value": "2244.625527370147918550",
            "HF_after": "1.950936282588628597",
            "HF_Improvement": "0.889373839060175849",
            "Success": true
        }
    },
    {
        "datetime_utc": "2025-10-27T13:00:00+00:00",
        "wallet_id": "FullCollateral_100pct_Coll",
        "available_usd": "2514.483832593670162533",
        "Reason_For_Trigger": "HF_Dropping_Only",
        "HF_before": "1.061562443528452748",
        "HF_TARGET (q30)": "0.999645273184362360",
        "Final_Decision": "Add_Collateral",
        "Decision_Reason": "'Add Collateral' achieved the HF_TARGET while 'Repay Debt' did not.",
        "HF_after": "2.057860539660636395",
        "HF_Improvement": "0.996298096132183647",
        "metrics_Repay_Debt": {
            "Operation_Asset": "USDC",
            "Operation_Quantity": "2514.935027651833279401",
            "Operation_USD_Value": "2514.483832593670162533",
            "HF_after": "-4.569759673135971245",
            "HF_Improvement": "-5.631322116664423993",
            "Success": false
        },
        "metrics_Add_Collateral": {
            "Operation_Asset": "WETH",
            "Operation_Quantity": "0.606157145166215603",
            "Operation_USD_Value": "2514.483832593670162533",
            "HF_after": "2.057860539660636395",
            "HF_Improvement": "0.996298096132183647",
            "Success": true
        }
    },
    {
        "datetime_utc": "2025-10-27T15:00:00+00:00",
        "wallet_id": "Partial_25pct_Debt",
        "available_usd": "510.142165311397254216",
        "Reason_For_Trigger": "HF_Dropping_Only",
        "HF_before": "1.060653242836629540",
        "HF_TARGET (q30)": "0.999645273184362360",
        "Final_Decision": "Repay_Debt",
        "Decision_Reason": "Both actions succeeded. 'Repay Debt' was chosen (Better HF Gain).",
        "HF_after": "1.414234744838737653",
        "HF_Improvement": "0.353581502002108113",
        "metrics_Repay_Debt": {
            "Operation_Asset": "USDC",
            "Operation_Quantity": "510.243867850730002738",
            "Operation_USD_Value": "510.142165311397254216",
            "HF_after": "1.414234744838737653",
            "HF_Improvement": "0.353581502002108113",
            "Success": true
        },
        "metrics_Add_Collateral": {
            "Operation_Asset": "WETH",
            "Operation_Quantity": "0.123082534231598543",
            "Operation_USD_Value": "510.142165311397254216",
            "HF_after": "1.262787687072133127",
            "HF_Improvement": "0.202134444235503587",
            "Success": true
        }
    },
    {
        "datetime_utc": "2025-10-27T15:00:00+00:00",
        "wallet_id": "Balanced_75pct_Debt",
        "available_usd": "1530.426495934191762647",
        "Reason_For_Trigger": "HF_Dropping_Only",
        "HF_before": "1.060653242836629540",
        "HF_TARGET (q30)": "0.999645273184362360",
        "Final_Decision": "Repay_Debt",
        "Decision_Reason": "Both actions succeeded. 'Repay Debt' was chosen (Better HF Gain).",
        "HF_after": "4.243434481246263475",
        "HF_Improvement": "3.182781238409633935",
        "metrics_Repay_Debt": {
            "Operation_Asset": "USDC",
            "Operation_Quantity": "1530.731603552190008213",
            "Operation_USD_Value": "1530.426495934191762647",
            "HF_after": "4.243434481246263475",
            "HF_Improvement": "3.182781238409633935",
            "Success": true
        },
        "metrics_Add_Collateral": {
            "Operation_Asset": "WETH",
            "Operation_Quantity": "0.369247602694795630",
            "Operation_USD_Value": "1530.426495934191762647",
            "HF_after": "1.667056575543140151",
            "HF_Improvement": "0.606403332706510611",
            "Success": true
        }
    },
    {
        "datetime_utc": "2025-10-27T15:00:00+00:00",
        "wallet_id": "FullDebt_110pct_Debt",
        "available_usd": "2244.625527370147918550",
        "Reason_For_Trigger": "HF_Dropping_Only",
        "HF_before": "1.060653242836629540",
        "HF_TARGET (q30)": "0.999645273184362360",
        "Final_Decision": "Add_Collateral",
        "Decision_Reason": "'Add Collateral' achieved the HF_TARGET while 'Repay Debt' did not.",
        "HF_after": "1.950044797472845067",
        "HF_Improvement": "0.889391554636215528",
        "metrics_Repay_Debt": {
            "Operation_Asset": "USDC",
            "Operation_Quantity": "2245.073018543212012047",
            "Operation_USD_Value": "2244.625527370147918550",
            "HF_after": "-10.599008719530944706",
            "HF_Improvement": "-11.659661962367574246",
            "Success": false
        },
        "metrics_Add_Collateral": {
            "Operation_Asset": "WETH",
            "Operation_Quantity": "0.541563150619033591",
            "Operation_USD_Value": "2244.625527370147918550",
            "HF_after": "1.950044797472845067",
            "HF_Improvement": "0.889391554636215528",
            "Success": true
        }
    },
    {
        "datetime_utc": "2025-10-27T15:00:00+00:00",
        "wallet_id": "FullCollateral_100pct_Coll",
        "available_usd": "2514.483832593670162533",
        "Reason_For_Trigger": "HF_Dropping_Only",
        "HF_before": "1.060653242836629540",
        "HF_TARGET (q30)": "0.999645273184362360",
        "Final_Decision": "Add_Collateral",
        "Decision_Reason": "'Add Collateral' achieved the HF_TARGET while 'Repay Debt' did not.",
        "HF_after": "2.056971184385785227",
        "HF_Improvement": "0.996317941549155688",
        "metrics_Repay_Debt": {
            "Operation_Asset": "USDC",
            "Operation_Quantity": "2514.985123034404104851",
            "Operation_USD_Value": "2514.483832593670162533",
            "HF_after": "-4.565363388306690683",
            "HF_Improvement": "-5.626016631143320222",
            "Success": false
        },
        "metrics_Add_Collateral": {
            "Operation_Asset": "WETH",
            "Operation_Quantity": "0.606672146402749258",
            "Operation_USD_Value": "2514.483832593670162533",
            "HF_after": "2.056971184385785227",
            "HF_Improvement": "0.996317941549155688",
            "Success": true
        }
    },
    {
        "datetime_utc": "2025-10-27T20:00:00+00:00",
        "wallet_id": "Partial_25pct_Debt",
        "available_usd": "510.142165311397254216",
        "Reason_For_Trigger": "HF_Dropping_Only",
        "HF_before": "1.073904547742670745",
        "HF_TARGET (q30)": "0.999645273184362360",
        "Final_Decision": "Repay_Debt",
        "Decision_Reason": "Both actions succeeded. 'Repay Debt' was chosen (Better HF Gain).",
        "HF_after": "1.431893814085454717",
        "HF_Improvement": "0.357989266342783972",
        "metrics_Repay_Debt": {
            "Operation_Asset": "USDC",
            "Operation_Quantity": "510.233480633584385847",
            "Operation_USD_Value": "510.142165311397254216",
            "HF_after": "1.431893814085454717",
            "HF_Improvement": "0.357989266342783972",
            "Success": true
        },
        "metrics_Add_Collateral": {
            "Operation_Asset": "WETH",
            "Operation_Quantity": "0.121526606642038545",
            "Operation_USD_Value": "510.142165311397254216",
            "HF_after": "1.276034877054904742",
            "HF_Improvement": "0.202130329312233997",
            "Success": true
        }
    },
    {
        "datetime_utc": "2025-10-27T20:00:00+00:00",
        "wallet_id": "Balanced_75pct_Debt",
        "available_usd": "1530.426495934191762647",
        "Reason_For_Trigger": "HF_Dropping_Only",
        "HF_before": "1.073904547742670745",
        "HF_TARGET (q30)": "0.999645273184362360",
        "Final_Decision": "Repay_Debt",
        "Decision_Reason": "Both actions succeeded. 'Repay Debt' was chosen (Better HF Gain).",
        "HF_after": "4.296187519606936641",
        "HF_Improvement": "3.222282971864265895",
        "metrics_Repay_Debt": {
            "Operation_Asset": "USDC",
            "Operation_Quantity": "1530.700441900753157541",
            "Operation_USD_Value": "1530.426495934191762647",
            "HF_after": "4.296187519606936641",
            "HF_Improvement": "3.222282971864265895",
            "Success": true
        },
        "metrics_Add_Collateral": {
            "Operation_Asset": "WETH",
            "Operation_Quantity": "0.364579819926115636",
            "Operation_USD_Value": "1530.426495934191762647",
            "HF_after": "1.680295535679372985",
            "HF_Improvement": "0.606390987936702239",
            "Success": true
        }
    },
    {
        "datetime_utc": "2025-10-27T20:00:00+00:00",
        "wallet_id": "FullDebt_110pct_Debt",
        "available_usd": "2244.625527370147918550",
        "Reason_For_Trigger": "HF_Dropping_Only",
        "HF_before": "1.073904547742670745",
        "HF_TARGET (q30)": "0.999645273184362360",
        "Final_Decision": "Add_Collateral",
        "Decision_Reason": "'Add Collateral' achieved the HF_TARGET while 'Repay Debt' did not.",
        "HF_after": "1.963277996716500755",
        "HF_Improvement": "0.889373448973830009",
        "metrics_Repay_Debt": {
            "Operation_Asset": "USDC",
            "Operation_Quantity": "2245.027314787771297727",
            "Operation_USD_Value": "2244.625527370147918550",
            "HF_after": "-10.733829857488234377",
            "HF_Improvement": "-11.807734405230905122",
            "Success": false
        },
        "metrics_Add_Collateral": {
            "Operation_Asset": "WETH",
            "Operation_Quantity": "0.534717069224969600",
            "Operation_USD_Value": "2244.625527370147918550",
            "HF_after": "1.963277996716500755",
            "HF_Improvement": "0.889373448973830009",
            "Success": true
        }
    },
    {
        "datetime_utc": "2025-10-27T20:00:00+00:00",
        "wallet_id": "FullCollateral_100pct_Coll",
        "available_usd": "2514.483832593670162533",
        "Reason_For_Trigger": "HF_Dropping_Only",
        "HF_before": "1.073904547742670745",
        "HF_TARGET (q30)": "0.999645273184362360",
        "Final_Decision": "Add_Collateral",
        "Decision_Reason": "'Add Collateral' achieved the HF_TARGET while 'Repay Debt' did not.",
        "HF_after": "2.070202206890690209",
        "HF_Improvement": "0.996297659148019463",
        "metrics_Repay_Debt": {
            "Operation_Asset": "USDC",
            "Operation_Quantity": "2514.933924581591739528",
            "Operation_USD_Value": "2514.483832593670162533",
            "HF_after": "-4.622900087775848782",
            "HF_Improvement": "-5.696804635518519528",
            "Success": false
        },
        "metrics_Add_Collateral": {
            "Operation_Asset": "WETH",
            "Operation_Quantity": "0.599003000359416604",
            "Operation_USD_Value": "2514.483832593670162533",
            "HF_after": "2.070202206890690209",
            "HF_Improvement": "0.996297659148019463",
            "Success": true
        }
    },
    {
        "datetime_utc": "2025-10-28T03:00:00+00:00",
        "wallet_id": "Partial_25pct_Debt",
        "available_usd": "510.142165311397254216",
        "Reason_For_Trigger": "HF_Dropping_Only",
        "HF_before": "1.047877194521367405",
        "HF_TARGET (q30)": "0.999645273184362360",
        "Final_Decision": "Repay_Debt",
        "Decision_Reason": "Both actions succeeded. 'Repay Debt' was chosen (Better HF Gain).",
        "HF_after": "1.397197152009548512",
        "HF_Improvement": "0.349319957488181107",
        "metrics_Repay_Debt": {
            "Operation_Asset": "USDC",
            "Operation_Quantity": "510.241134294974455827",
            "Operation_USD_Value": "510.142165311397254216",
            "HF_after": "1.397197152009548512",
            "HF_Improvement": "0.349319957488181107",
            "Success": true
        },
        "metrics_Add_Collateral": {
            "Operation_Asset": "WETH",
            "Operation_Quantity": "0.124596661419662207",
            "Operation_USD_Value": "510.142165311397254216",
            "HF_after": "1.250010555851600663",
            "HF_Improvement": "0.202133361330233257",
            "Success": true
        }
    },
    {
        "datetime_utc": "2025-10-28T03:00:00+00:00",
        "wallet_id": "Balanced_75pct_Debt",
        "available_usd": "1530.426495934191762647",
        "Reason_For_Trigger": "HF_Dropping_Only",
        "HF_before": "1.047877194521367405",
        "HF_TARGET (q30)": "0.999645273184362360",
        "Final_Decision": "Repay_Debt",
        "Decision_Reason": "Both actions succeeded. 'Repay Debt' was chosen (Better HF Gain).",
        "HF_after": "4.192252997012424977",
        "HF_Improvement": "3.144375802491057572",
        "metrics_Repay_Debt": {
            "Operation_Asset": "USDC",
            "Operation_Quantity": "1530.723402884923367479",
            "Operation_USD_Value": "1530.426495934191762647",
            "HF_after": "4.192252997012424977",
            "HF_Improvement": "3.144375802491057572",
            "Success": true
        },
        "metrics_Add_Collateral": {
            "Operation_Asset": "WETH",
            "Operation_Quantity": "0.373789984258986621",
            "Operation_USD_Value": "1530.426495934191762647",
            "HF_after": "1.654277278512067869",
            "HF_Improvement": "0.606400083990700463",
            "Success": true
        }
    },
    {
        "datetime_utc": "2025-10-28T03:00:00+00:00",
        "wallet_id": "FullDebt_110pct_Debt",
        "available_usd": "2244.625527370147918550",
        "Reason_For_Trigger": "HF_Dropping_Only",
        "HF_before": "1.047877194521367405",
        "HF_TARGET (q30)": "0.999645273184362360",
        "Final_Decision": "Add_Collateral",
        "Decision_Reason": "'Add Collateral' achieved the HF_TARGET while 'Repay Debt' did not.",
        "HF_after": "1.937263984374394913",
        "HF_Improvement": "0.889386789853027507",
        "metrics_Repay_Debt": {
            "Operation_Asset": "USDC",
            "Operation_Quantity": "2245.060990897887605637",
            "Operation_USD_Value": "2244.625527370147918550",
            "HF_after": "-10.471955586316553175",
            "HF_Improvement": "-11.519832780837920581",
            "Success": false
        },
        "metrics_Add_Collateral": {
            "Operation_Asset": "WETH",
            "Operation_Quantity": "0.548225310246513711",
            "Operation_USD_Value": "2244.625527370147918550",
            "HF_after": "1.937263984374394913",
            "HF_Improvement": "0.889386789853027507",
            "Success": true
        }
    },
    {
        "datetime_utc": "2025-10-28T03:00:00+00:00",
        "wallet_id": "FullCollateral_100pct_Coll",
        "available_usd": "2514.483832593670162533",
        "Reason_For_Trigger": "HF_Dropping_Only",
        "HF_before": "1.047877194521367405",
        "HF_TARGET (q30)": "0.999645273184362360",
        "Final_Decision": "Add_Collateral",
        "Decision_Reason": "'Add Collateral' achieved the HF_TARGET while 'Repay Debt' did not.",
        "HF_after": "2.044189798445094760",
        "HF_Improvement": "0.996312603923727354",
        "metrics_Repay_Debt": {
            "Operation_Asset": "USDC",
            "Operation_Quantity": "2514.971649375059321181",
            "Operation_USD_Value": "2514.483832593670162533",
            "HF_after": "-4.510499694933693027",
            "HF_Improvement": "-5.558376889455060433",
            "Success": false
        },
        "metrics_Add_Collateral": {
            "Operation_Asset": "WETH",
            "Operation_Quantity": "0.614135258832502257",
            "Operation_USD_Value": "2514.483832593670162533",
            "HF_after": "2.044189798445094760",
            "HF_Improvement": "0.996312603923727354",
            "Success": true
        }
    },
    {
        "datetime_utc": "2025-10-28T06:00:00+00:00",
        "wallet_id": "Partial_25pct_Debt",
        "available_usd": "510.142165311397254216",
        "Reason_For_Trigger": "HF_Dropping_Only",
        "HF_before": "1.042100185908951149",
        "HF_TARGET (q30)": "0.999645273184362360",
        "Final_Decision": "Repay_Debt",
        "Decision_Reason": "Both actions succeeded. 'Repay Debt' was chosen (Better HF Gain).",
        "HF_after": "1.389449757227447737",
        "HF_Improvement": "0.347349571318496589",
        "metrics_Repay_Debt": {
            "Operation_Asset": "USDC",
            "Operation_Quantity": "510.192042313756176288",
            "Operation_USD_Value": "510.142165311397254216",
            "HF_after": "1.389449757227447737",
            "HF_Improvement": "0.347349571318496589",
            "Success": true
        },
        "metrics_Add_Collateral": {
            "Operation_Asset": "WETH",
            "Operation_Quantity": "0.125280565838417958",
            "Operation_USD_Value": "510.142165311397254216",
            "HF_after": "1.244214099322285832",
            "HF_Improvement": "0.202113913413334683",
            "Success": true
        }
    },
    {
        "datetime_utc": "2025-10-28T06:00:00+00:00",
        "wallet_id": "Balanced_75pct_Debt",
        "available_usd": "1530.426495934191762647",
        "Reason_For_Trigger": "HF_Dropping_Only",
        "HF_before": "1.042100185908951149",
        "HF_TARGET (q30)": "0.999645273184362360",
        "Final_Decision": "Repay_Debt",
        "Decision_Reason": "Both actions succeeded. 'Repay Debt' was chosen (Better HF Gain).",
        "HF_after": "4.167937541812072635",
        "HF_Improvement": "3.125837355903121487",
        "metrics_Repay_Debt": {
            "Operation_Asset": "USDC",
            "Operation_Quantity": "1530.576126941268528863",
            "Operation_USD_Value": "1530.426495934191762647",
            "HF_after": "4.167937541812072635",
            "HF_Improvement": "3.125837355903121487",
            "Success": true
        },
        "metrics_Add_Collateral": {
            "Operation_Asset": "WETH",
            "Operation_Quantity": "0.375841697515253873",
            "Operation_USD_Value": "1530.426495934191762647",
            "HF_after": "1.648441926148955855",
            "HF_Improvement": "0.606341740240004707",
            "Success": true
        }
    },
    {
        "datetime_utc": "2025-10-28T06:00:00+00:00",
        "wallet_id": "FullDebt_110pct_Debt",
        "available_usd": "2244.625527370147918550",
        "Reason_For_Trigger": "HF_Dropping_Only",
        "HF_before": "1.042100185908951149",
        "HF_TARGET (q30)": "0.999645273184362360",
        "Final_Decision": "Add_Collateral",
        "Decision_Reason": "'Add Collateral' achieved the HF_TARGET while 'Repay Debt' did not.",
        "HF_after": "1.931401404927624872",
        "HF_Improvement": "0.889301219018673723",
        "metrics_Repay_Debt": {
            "Operation_Asset": "USDC",
            "Operation_Quantity": "2244.844986180527175667",
            "Operation_USD_Value": "2244.625527370147918550",
            "HF_after": "-10.425250078807293212",
            "HF_Improvement": "-11.467350264716244361",
            "Success": false
        },
        "metrics_Add_Collateral": {
            "Operation_Asset": "WETH",
            "Operation_Quantity": "0.551234489689039014",
            "Operation_USD_Value": "2244.625527370147918550",
            "HF_after": "1.931401404927624872",
            "HF_Improvement": "0.889301219018673723",
            "Success": true
        }
    },
    {
        "datetime_utc": "2025-10-28T06:00:00+00:00",
        "wallet_id": "FullCollateral_100pct_Coll",
        "available_usd": "2514.483832593670162533",
        "Reason_For_Trigger": "HF_Dropping_Only",
        "HF_before": "1.042100185908951149",
        "HF_TARGET (q30)": "0.999645273184362360",
        "Final_Decision": "Add_Collateral",
        "Decision_Reason": "'Add Collateral' achieved the HF_TARGET while 'Repay Debt' did not.",
        "HF_after": "2.038316931313339538",
        "HF_Improvement": "0.996216745404388389",
        "metrics_Repay_Debt": {
            "Operation_Asset": "USDC",
            "Operation_Quantity": "2514.729675663656724107",
            "Operation_USD_Value": "2514.483832593670162533",
            "HF_after": "-4.487923480673540619",
            "HF_Improvement": "-5.530023666582491768",
            "Success": false
        },
        "metrics_Add_Collateral": {
            "Operation_Asset": "WETH",
            "Operation_Quantity": "0.617506214462000163",
            "Operation_USD_Value": "2514.483832593670162533",
            "HF_after": "2.038316931313339538",
            "HF_Improvement": "0.996216745404388389",
            "Success": true
        }
    },
    {
        "datetime_utc": "2025-10-28T15:00:00+00:00",
        "wallet_id": "Partial_25pct_Debt",
        "available_usd": "510.142165311397254216",
        "Reason_For_Trigger": "HF_Dropping_Only",
        "HF_before": "1.050248158277496735",
        "HF_TARGET (q30)": "0.999645273184362360",
        "Final_Decision": "Repay_Debt",
        "Decision_Reason": "Both actions succeeded. 'Repay Debt' was chosen (Better HF Gain).",
        "HF_after": "1.400314608636260602",
        "HF_Improvement": "0.350066450358763867",
        "metrics_Repay_Debt": {
            "Operation_Asset": "USDC",
            "Operation_Quantity": "510.193159876123507486",
            "Operation_USD_Value": "510.142165311397254216",
            "HF_after": "1.400314608636260602",
            "HF_Improvement": "0.350066450358763867",
            "Success": true
        },
        "metrics_Add_Collateral": {
            "Operation_Asset": "WETH",
            "Operation_Quantity": "0.124324419155741158",
            "Operation_USD_Value": "510.142165311397254216",
            "HF_after": "1.252362514416089407",
            "HF_Improvement": "0.202114356138592672",
            "Success": true
        }
    },
    {
        "datetime_utc": "2025-10-28T15:00:00+00:00",
        "wallet_id": "Balanced_75pct_Debt",
        "available_usd": "1530.426495934191762647",
        "Reason_For_Trigger": "HF_Dropping_Only",
        "HF_before": "1.050248158277496735",
        "HF_TARGET (q30)": "0.999645273184362360",
        "Final_Decision": "Repay_Debt",
        "Decision_Reason": "Both actions succeeded. 'Repay Debt' was chosen (Better HF Gain).",
        "HF_after": "4.200553409122442315",
        "HF_Improvement": "3.150305250844945580",
        "metrics_Repay_Debt": {
            "Operation_Asset": "USDC",
            "Operation_Quantity": "1530.579479628370522457",
            "Operation_USD_Value": "1530.426495934191762647",
            "HF_after": "4.200553409122442315",
            "HF_Improvement": "3.150305250844945580",
            "Success": true
        },
        "metrics_Add_Collateral": {
            "Operation_Asset": "WETH",
            "Operation_Quantity": "0.372973257467223473",
            "Operation_USD_Value": "1530.426495934191762647",
            "HF_after": "1.656591226693275360",
            "HF_Improvement": "0.606343068415778625",
            "Success": true
        }
    },
    {
        "datetime_utc": "2025-10-28T15:00:00+00:00",
        "wallet_id": "FullDebt_110pct_Debt",
        "available_usd": "2244.625527370147918550",
        "Reason_For_Trigger": "HF_Dropping_Only",
        "HF_before": "1.050248158277496735",
        "HF_TARGET (q30)": "0.999645273184362360",
        "Final_Decision": "Add_Collateral",
        "Decision_Reason": "'Add Collateral' achieved the HF_TARGET while 'Repay Debt' did not.",
        "HF_after": "1.939551325287305526",
        "HF_Improvement": "0.889303167009808791",
        "metrics_Repay_Debt": {
            "Operation_Asset": "USDC",
            "Operation_Quantity": "2244.849903454943432938",
            "Operation_USD_Value": "2244.625527370147918550",
            "HF_after": "-10.506509768058055158",
            "HF_Improvement": "-11.556757926335551893",
            "Success": false
        },
        "metrics_Add_Collateral": {
            "Operation_Asset": "WETH",
            "Operation_Quantity": "0.547027444285261094",
            "Operation_USD_Value": "2244.625527370147918550",
            "HF_after": "1.939551325287305526",
            "HF_Improvement": "0.889303167009808791",
            "Success": true
        }
    },
    {
        "datetime_utc": "2025-10-28T15:00:00+00:00",
        "wallet_id": "FullCollateral_100pct_Coll",
        "available_usd": "2514.483832593670162533",
        "Reason_For_Trigger": "HF_Dropping_Only",
        "HF_before": "1.050248158277496735",
        "HF_TARGET (q30)": "0.999645273184362360",
        "Final_Decision": "Add_Collateral",
        "Decision_Reason": "'Add Collateral' achieved the HF_TARGET while 'Repay Debt' did not.",
        "HF_after": "2.046467085868693316",
        "HF_Improvement": "0.996218927591196581",
        "metrics_Repay_Debt": {
            "Operation_Asset": "USDC",
            "Operation_Quantity": "2514.735184113449056190",
            "Operation_USD_Value": "2514.483832593670162533",
            "HF_after": "-4.522961079450777581",
            "HF_Improvement": "-5.573209237728274316",
            "Success": false
        },
        "metrics_Add_Collateral": {
            "Operation_Asset": "WETH",
            "Operation_Quantity": "0.612793380396007362",
            "Operation_USD_Value": "2514.483832593670162533",
            "HF_after": "2.046467085868693316",
            "HF_Improvement": "0.996218927591196581",
            "Success": true
        }
    },
    {
        "datetime_utc": "2025-10-28T19:00:00+00:00",
        "wallet_id": "Partial_25pct_Debt",
        "available_usd": "510.142165311397254216",
        "Reason_For_Trigger": "HF_Dropping_Only",
        "HF_before": "1.052799791065577306",
        "HF_TARGET (q30)": "0.999645273184362360",
        "Final_Decision": "Repay_Debt",
        "Decision_Reason": "Both actions succeeded. 'Repay Debt' was chosen (Better HF Gain).",
        "HF_after": "1.403716370610983082",
        "HF_Improvement": "0.350916579545405775",
        "metrics_Repay_Debt": {
            "Operation_Asset": "USDC",
            "Operation_Quantity": "510.192750366703558249",
            "Operation_USD_Value": "510.142165311397254216",
            "HF_after": "1.403716370610983082",
            "HF_Improvement": "0.350916579545405775",
            "Success": true
        },
        "metrics_Add_Collateral": {
            "Operation_Asset": "WETH",
            "Operation_Quantity": "0.124012050923214901",
            "Operation_USD_Value": "510.142165311397254216",
            "HF_after": "1.254913984975941114",
            "HF_Improvement": "0.202114193910363808",
            "Success": true
        }
    },
    {
        "datetime_utc": "2025-10-28T19:00:00+00:00",
        "wallet_id": "Balanced_75pct_Debt",
        "available_usd": "1530.426495934191762647",
        "Reason_For_Trigger": "HF_Dropping_Only",
        "HF_before": "1.052799791065577306",
        "HF_TARGET (q30)": "0.999645273184362360",
        "Final_Decision": "Repay_Debt",
        "Decision_Reason": "Both actions succeeded. 'Repay Debt' was chosen (Better HF Gain).",
        "HF_after": "4.210748735226860698",
        "HF_Improvement": "3.157948944161283392",
        "metrics_Repay_Debt": {
            "Operation_Asset": "USDC",
            "Operation_Quantity": "1530.578251100110674745",
            "Operation_USD_Value": "1530.426495934191762647",
            "HF_after": "4.210748735226860698",
            "HF_Improvement": "3.157948944161283392",
            "Success": true
        },
        "metrics_Add_Collateral": {
            "Operation_Asset": "WETH",
            "Operation_Quantity": "0.372036152769644703",
            "Operation_USD_Value": "1530.426495934191762647",
            "HF_after": "1.659142372796669180",
            "HF_Improvement": "0.606342581731091874",
            "Success": true
        }
    },
    {
        "datetime_utc": "2025-10-28T19:00:00+00:00",
        "wallet_id": "FullDebt_110pct_Debt",
        "available_usd": "2244.625527370147918550",
        "Reason_For_Trigger": "HF_Dropping_Only",
        "HF_before": "1.052799791065577306",
        "HF_TARGET (q30)": "0.999645273184362360",
        "Final_Decision": "Add_Collateral",
        "Decision_Reason": "'Add Collateral' achieved the HF_TARGET while 'Repay Debt' did not.",
        "HF_after": "1.942102244271178826",
        "HF_Improvement": "0.889302453205601520",
        "metrics_Repay_Debt": {
            "Operation_Asset": "USDC",
            "Operation_Quantity": "2244.848101613495656293",
            "Operation_USD_Value": "2244.625527370147918550",
            "HF_after": "-10.532128905449201989",
            "HF_Improvement": "-11.584928696514779295",
            "Success": false
        },
        "metrics_Add_Collateral": {
            "Operation_Asset": "WETH",
            "Operation_Quantity": "0.545653024062145564",
            "Operation_USD_Value": "2244.625527370147918550",
            "HF_after": "1.942102244271178826",
            "HF_Improvement": "0.889302453205601520",
            "Success": true
        }
    },
    {
        "datetime_utc": "2025-10-28T19:00:00+00:00",
        "wallet_id": "FullCollateral_100pct_Coll",
        "available_usd": "2514.483832593670162533",
        "Reason_For_Trigger": "HF_Dropping_Only",
        "HF_before": "1.052799791065577306",
        "HF_TARGET (q30)": "0.999645273184362360",
        "Final_Decision": "Add_Collateral",
        "Decision_Reason": "'Add Collateral' achieved the HF_TARGET while 'Repay Debt' did not.",
        "HF_after": "2.049017919036027818",
        "HF_Improvement": "0.996218127970450512",
        "metrics_Repay_Debt": {
            "Operation_Asset": "USDC",
            "Operation_Quantity": "2514.733165647057185555",
            "Operation_USD_Value": "2514.483832593670162533",
            "HF_after": "-4.533969161502939369",
            "HF_Improvement": "-5.586768952568516675",
            "Success": false
        },
        "metrics_Add_Collateral": {
            "Operation_Asset": "WETH",
            "Operation_Quantity": "0.611253721603004656",
            "Operation_USD_Value": "2514.483832593670162533",
            "HF_after": "2.049017919036027818",
            "HF_Improvement": "0.996218127970450512",
            "Success": true
        }
    },
    {
        "datetime_utc": "2025-10-29T16:00:00+00:00",
        "wallet_id": "Partial_25pct_Debt",
        "available_usd": "510.142165311397254216",
        "Reason_For_Trigger": "HF_Dropping_Only",
        "HF_before": "1.012038070000099266",
        "HF_TARGET (q30)": "0.999645273184362360",
        "Final_Decision": "Repay_Debt",
        "Decision_Reason": "Both actions succeeded. 'Repay Debt' was chosen (Better HF Gain).",
        "HF_after": "1.349417689759162072",
        "HF_Improvement": "0.337379619759062806",
        "metrics_Repay_Debt": {
            "Operation_Asset": "USDC",
            "Operation_Quantity": "510.249051135456161693",
            "Operation_USD_Value": "510.142165311397254216",
            "HF_after": "1.349417689759162072",
            "HF_Improvement": "0.337379619759062806",
            "Success": true
        },
        "metrics_Add_Collateral": {
            "Operation_Asset": "WETH",
            "Operation_Quantity": "0.129056052539307115",
            "Operation_USD_Value": "510.142165311397254216",
            "HF_after": "1.214174567607418426",
            "HF_Improvement": "0.202136497607319160",
            "Success": true
        }
    },
    {
        "datetime_utc": "2025-10-29T16:00:00+00:00",
        "wallet_id": "Balanced_75pct_Debt",
        "available_usd": "1530.426495934191762647",
        "Reason_For_Trigger": "HF_Dropping_Only",
        "HF_before": "1.012038070000099266",
        "HF_TARGET (q30)": "0.999645273184362360",
        "Final_Decision": "Repay_Debt",
        "Decision_Reason": "Both actions succeeded. 'Repay Debt' was chosen (Better HF Gain).",
        "HF_after": "4.049059564207800580",
        "HF_Improvement": "3.037021494207701314",
        "metrics_Repay_Debt": {
            "Operation_Asset": "USDC",
            "Operation_Quantity": "1530.747153406368485077",
            "Operation_USD_Value": "1530.426495934191762647",
            "HF_after": "4.049059564207800580",
            "HF_Improvement": "3.037021494207701314",
            "Success": true
        },
        "metrics_Add_Collateral": {
            "Operation_Asset": "WETH",
            "Operation_Quantity": "0.387168157617921344",
            "Operation_USD_Value": "1530.426495934191762647",
            "HF_after": "1.618447562822057077",
            "HF_Improvement": "0.606409492821957811",
            "Success": true
        }
    },
    {
        "datetime_utc": "2025-10-29T16:00:00+00:00",
        "wallet_id": "FullDebt_110pct_Debt",
        "available_usd": "2244.625527370147918550",
        "Reason_For_Trigger": "HF_Dropping_Only",
        "HF_before": "1.012038070000099266",
        "HF_TARGET (q30)": "0.999645273184362360",
        "Final_Decision": "Add_Collateral",
        "Decision_Reason": "'Add Collateral' achieved the HF_TARGET while 'Repay Debt' did not.",
        "HF_after": "1.901438659472304133",
        "HF_Improvement": "0.889400589472204867",
        "metrics_Repay_Debt": {
            "Operation_Asset": "USDC",
            "Operation_Quantity": "2245.095824996007111447",
            "Operation_USD_Value": "2244.625527370147918550",
            "HF_after": "-10.112072617585776076",
            "HF_Improvement": "-11.124110687585875341",
            "Success": false
        },
        "metrics_Add_Collateral": {
            "Operation_Asset": "WETH",
            "Operation_Quantity": "0.567846631172951304",
            "Operation_USD_Value": "2244.625527370147918550",
            "HF_after": "1.901438659472304133",
            "HF_Improvement": "0.889400589472204867",
            "Success": true
        }
    },
    {
        "datetime_utc": "2025-10-29T16:00:00+00:00",
        "wallet_id": "FullCollateral_100pct_Coll",
        "available_usd": "2514.483832593670162533",
        "Reason_For_Trigger": "HF_Dropping_Only",
        "HF_before": "1.012038070000099266",
        "HF_TARGET (q30)": "0.999645273184362360",
        "Final_Decision": "Add_Collateral",
        "Decision_Reason": "'Add Collateral' achieved the HF_TARGET while 'Repay Debt' did not.",
        "HF_after": "2.008366132591160777",
        "HF_Improvement": "0.996328062591061512",
        "metrics_Repay_Debt": {
            "Operation_Asset": "USDC",
            "Operation_Quantity": "2515.010671374709793398",
            "Operation_USD_Value": "2514.483832593670162533",
            "HF_after": "-4.355874682332925533",
            "HF_Improvement": "-5.367912752333024799",
            "Success": false
        },
        "metrics_Add_Collateral": {
            "Operation_Asset": "WETH",
            "Operation_Quantity": "0.636115537343129400",
            "Operation_USD_Value": "2514.483832593670162533",
            "HF_after": "2.008366132591160777",
            "HF_Improvement": "0.996328062591061512",
            "Success": true
        }
    },
    {
        "datetime_utc": "2025-10-29T19:00:00+00:00",
        "wallet_id": "Partial_25pct_Debt",
        "available_usd": "510.142165311397254216",
        "Reason_For_Trigger": "HF_Dropping_Only",
        "HF_before": "1.008703344794923629",
        "HF_TARGET (q30)": "0.999645273184362360",
        "Final_Decision": "Repay_Debt",
        "Decision_Reason": "Both actions succeeded. 'Repay Debt' was chosen (Better HF Gain).",
        "HF_after": "1.344960656773252959",
        "HF_Improvement": "0.336257311978329331",
        "metrics_Repay_Debt": {
            "Operation_Asset": "USDC",
            "Operation_Quantity": "510.236963054994130823",
            "Operation_USD_Value": "510.142165311397254216",
            "HF_after": "1.344960656773252959",
            "HF_Improvement": "0.336257311978329331",
            "Success": true
        },
        "metrics_Add_Collateral": {
            "Operation_Asset": "WETH",
            "Operation_Quantity": "0.129458713234797625",
            "Operation_USD_Value": "510.142165311397254216",
            "HF_after": "1.210835053677517102",
            "HF_Improvement": "0.202131708882593473",
            "Success": true
        }
    },
    {
        "datetime_utc": "2025-10-29T19:00:00+00:00",
        "wallet_id": "Balanced_75pct_Debt",
        "available_usd": "1530.426495934191762647",
        "Reason_For_Trigger": "HF_Dropping_Only",
        "HF_before": "1.008703344794923629",
        "HF_TARGET (q30)": "0.999645273184362360",
        "Final_Decision": "Repay_Debt",
        "Decision_Reason": "Both actions succeeded. 'Repay Debt' was chosen (Better HF Gain).",
        "HF_after": "4.035430783406414974",
        "HF_Improvement": "3.026727438611491345",
        "metrics_Repay_Debt": {
            "Operation_Asset": "USDC",
            "Operation_Quantity": "1530.710889164982392468",
            "Operation_USD_Value": "1530.426495934191762647",
            "HF_after": "4.035430783406414974",
            "HF_Improvement": "3.026727438611491345",
            "Success": true
        },
        "metrics_Add_Collateral": {
            "Operation_Asset": "WETH",
            "Operation_Quantity": "0.388376139704392875",
            "Operation_USD_Value": "1530.426495934191762647",
            "HF_after": "1.615098471442704537",
            "HF_Improvement": "0.606395126647780909",
            "Success": true
        }
    },
    {
        "datetime_utc": "2025-10-29T19:00:00+00:00",
        "wallet_id": "FullDebt_110pct_Debt",
        "available_usd": "2244.625527370147918550",
        "Reason_For_Trigger": "HF_Dropping_Only",
        "HF_before": "1.008703344794923629",
        "HF_TARGET (q30)": "0.999645273184362360",
        "Final_Decision": "Add_Collateral",
        "Decision_Reason": "'Add Collateral' achieved the HF_TARGET while 'Repay Debt' did not.",
        "HF_after": "1.898082863878335742",
        "HF_Improvement": "0.889379519083412113",
        "metrics_Repay_Debt": {
            "Operation_Asset": "USDC",
            "Operation_Quantity": "2245.042637441974175621",
            "Operation_USD_Value": "2244.625527370147918550",
            "HF_after": "-10.081377947740205601",
            "HF_Improvement": "-11.090081292535129230",
            "Success": false
        },
        "metrics_Add_Collateral": {
            "Operation_Asset": "WETH",
            "Operation_Quantity": "0.569618338233109551",
            "Operation_USD_Value": "2244.625527370147918550",
            "HF_after": "1.898082863878335742",
            "HF_Improvement": "0.889379519083412113",
            "Success": true
        }
    },
    {
        "datetime_utc": "2025-10-29T19:00:00+00:00",
        "wallet_id": "FullCollateral_100pct_Coll",
        "available_usd": "2514.483832593670162533",
        "Reason_For_Trigger": "HF_Dropping_Only",
        "HF_before": "1.008703344794923629",
        "HF_TARGET (q30)": "0.999645273184362360",
        "Final_Decision": "Add_Collateral",
        "Decision_Reason": "'Add Collateral' achieved the HF_TARGET while 'Repay Debt' did not.",
        "HF_after": "2.005007803826585236",
        "HF_Improvement": "0.996304459031661608",
        "metrics_Repay_Debt": {
            "Operation_Asset": "USDC",
            "Operation_Quantity": "2514.951089389616845087",
            "Operation_USD_Value": "2514.483832593670162533",
            "HF_after": "-4.342067425482373213",
            "HF_Improvement": "-5.350770770277296841",
            "Success": false
        },
        "metrics_Add_Collateral": {
            "Operation_Asset": "WETH",
            "Operation_Quantity": "0.638100246464779399",
            "Operation_USD_Value": "2514.483832593670162533",
            "HF_after": "2.005007803826585236",
            "HF_Improvement": "0.996304459031661608",
            "Success": true
        }
    }
]